颅顶点 x,颅顶点 y,颅顶点 z,第七颈椎 x,第七颈椎 y,第七颈椎 z,胸骨下点 x,胸骨下点 y,胸骨下点 z,脐点 x,脐点 y,脐点 z,耻骨 x,耻骨 y,耻骨 z,左肩峰 x,左肩峰 y,左肩峰 z,左肘 x,左肘 y,左肘 z,左腕 x,左腕 y,左腕 z,左中指尖 x,左中指尖 y,左中指尖 z,左髋 x,左髋 y,左髋 z,左膝 x,左膝 y,左膝 z,左踝 x,左踝 y,左踝 z,左足跟 x,左足跟 y,左足跟 z,左趾尖 x,左趾尖 y,左趾尖 z,右肩峰 x,右肩峰 y,右肩峰 z,右肘 x,右肘 y,右肘 z,右腕 x,右腕 y,右腕 z,右中指尖 x,右中指尖 y,右中指尖 z,右髋 x,右髋 y,右髋 z,右膝 x,右膝 y,右膝 z,右踝 x,右踝 y,右踝 z,右足跟 x,右足跟 y,右足跟 z,右趾尖 x,右趾尖 y,右趾尖 z,重心 x,重心 y,重心 z,
0,0,0,0,0,0,0,0,0,0,0,0,0,0,0,0,0,0,0,0,0,0,0,0,0,0,0,3116.6,1183.2,274.2,3074.2,1144.1,68.1,2823.6,978.1,-125.1,2796.8,930.9,-132.4,2851.5,995.7,-161.7,0,0,0,0,0,0,0,0,0,0,0,0,3170.6,1111.2,284.5,3163.1,1145.0,91.5,3125.7,1118.0,-85.2,3066.6,1102.3,-106.9,3196.7,1191.5,-95.5,-412.1,-156.4,-86.8,
0,0,0,0,0,0,0,0,0,0,0,0,0,0,0,0,0,0,0,0,0,0,0,0,0,0,0,3118.1,1184.0,272.9,3078.3,1147.9,68.5,2835.8,985.6,-122.8,2811.4,943.9,-128.1,2857.8,1000.2,-162.4,0,0,0,0,0,0,0,0,0,0,0,0,3175.2,1114.5,283.6,3165.3,1146.8,91.9,3126.0,1118.2,-85.0,3066.7,1102.3,-106.6,3197.2,1191.3,-94.5,-412.0,-156.4,-86.4,
0,0,0,0,0,0,0,0,0,0,0,0,0,0,0,0,0,0,0,0,0,0,0,0,0,0,0,3119.8,1184.9,271.7,3083.0,1152.0,69.1,2848.0,993.3,-120.5,2825.1,956.3,-124.4,2864.5,1005.2,-162.9,0,0,0,0,0,0,0,0,0,0,0,0,3179.9,1117.9,282.8,3167.6,1148.7,92.2,3126.4,1118.5,-84.8,3066.8,1102.3,-106.3,3197.7,1191.0,-93.5,-411.9,-156.4,-85.9,
0,0,0,0,0,0,0,0,0,0,0,0,0,0,0,0,0,0,0,0,0,0,0,0,0,0,0,3121.9,1185.8,270.5,3088.5,1156.4,70.0,2859.8,1001.2,-118.3,2837.2,967.4,-121.5,2871.9,1010.8,-163.1,0,0,0,0,0,0,0,0,0,0,0,0,3184.8,1121.6,282.4,3170.0,1150.7,92.4,3127.0,1119.0,-84.5,3067.0,1102.1,-106.2,3198.2,1190.7,-92.5,-412.0,-156.4,-85.6,
0,0,0,0,0,0,0,0,0,0,0,0,0,0,0,0,0,0,0,0,0,0,0,0,0,0,0,3124.4,1186.9,269.5,3095.1,1161.3,71.2,2871.2,1009.1,-116.3,2847.2,977.0,-119.8,2880.0,1017.4,-163.2,0,0,0,0,0,0,0,0,0,0,0,0,3190.1,1125.5,282.2,3172.6,1152.7,92.6,3128.0,1119.8,-84.1,3067.2,1101.9,-106.4,3198.6,1190.5,-91.7,-412.3,-156.5,-85.3,
0,0,0,0,0,0,0,0,0,0,0,0,0,0,0,0,0,0,0,0,0,0,0,0,0,0,0,3127.4,1188.0,268.9,3102.7,1166.6,72.7,2881.9,1016.7,-114.6,2855.3,984.8,-119.3,2889.0,1025.0,-163.3,0,0,0,0,0,0,0,0,0,0,0,0,3195.6,1129.6,282.3,3175.2,1154.8,93.0,3129.3,1120.9,-83.7,3067.4,1101.7,-106.7,3198.9,1190.3,-91.1,-412.6,-156.6,-85.2,
0,0,0,0,0,0,0,0,0,0,0,0,0,0,0,0,0,0,0,0,0,0,0,0,0,0,0,3130.9,1189.5,268.6,3111.3,1172.4,74.5,2891.8,1023.9,-113.5,2862.0,991.1,-119.7,2898.7,1033.4,-163.2,0,0,0,0,0,0,0,0,0,0,0,0,3201.6,1134.1,282.7,3177.6,1156.9,93.5,3130.7,1122.1,-83.2,3067.6,1101.4,-107.1,3199.1,1190.2,-90.8,-413.2,-156.9,-85.2,
0,0,0,0,0,0,0,0,0,0,0,0,0,0,0,0,0,0,0,0,0,0,0,0,0,0,0,3134.7,1191.3,268.6,3120.6,1178.9,76.7,2901.3,1030.7,-112.8,2867.9,996.5,-120.6,2909.1,1042.6,-162.9,0,0,0,0,0,0,0,0,0,0,0,0,3208.2,1139.1,283.2,3179.9,1158.7,94.0,3131.9,1123.2,-82.8,3067.7,1101.2,-107.5,3199.2,1190.2,-90.6,-413.9,-157.3,-85.3,
0,0,0,0,0,0,0,0,0,0,0,0,0,0,0,0,0,0,0,0,0,0,0,0,0,0,0,3139.1,1193.7,268.8,3130.5,1185.8,79.2,2910.4,1037.5,-112.6,2873.8,1001.6,-121.6,2920.1,1052.2,-162.2,0,0,0,0,0,0,0,0,0,0,0,0,3215.6,1144.7,283.8,3181.8,1160.4,94.5,3132.9,1124.0,-82.4,3067.8,1101.1,-107.8,3199.2,1190.1,-90.5,-414.8,-157.8,-85.4,
0,0,0,0,0,0,0,0,0,0,0,0,0,0,0,0,0,0,0,0,0,0,0,0,0,0,0,3143.9,1196.7,269.4,3140.5,1193.2,81.9,2919.5,1044.3,-112.7,2880.2,1007.0,-122.4,2931.5,1061.9,-161.0,0,0,0,0,0,0,0,0,0,0,0,0,3223.4,1150.7,284.4,3183.4,1161.7,94.9,3133.6,1124.6,-82.2,3067.9,1101.0,-108.0,3199.2,1190.1,-90.5,-415.8,-158.5,-85.6,
0,0,0,0,0,0,0,0,0,0,0,0,0,0,0,0,0,0,0,0,0,0,0,0,0,0,0,3149.1,1200.3,270.2,3150.1,1200.6,84.6,2929.1,1051.7,-112.9,2887.6,1012.9,-122.9,2943.0,1071.5,-159.4,0,0,0,0,0,0,0,0,0,0,0,0,3231.0,1156.6,285.0,3184.8,1162.7,95.2,3133.9,1124.9,-82.1,3067.9,1101.0,-108.1,3199.3,1190.1,-90.6,-416.8,-159.2,-85.9,
0,0,0,0,0,0,0,0,0,0,0,0,0,0,0,0,0,0,0,0,0,0,0,0,0,0,0,3154.4,1204.4,271.1,3159.1,1207.6,87.2,2939.4,1059.7,-112.9,2896.1,1019.6,-123.0,2954.4,1080.7,-157.5,0,0,0,0,0,0,0,0,0,0,0,0,3237.8,1162.0,285.7,3186.0,1163.6,95.3,3134.0,1125.0,-82.1,3067.9,1101.0,-108.1,3199.3,1190.0,-90.7,-417.7,-159.9,-86.1,
0,0,0,0,0,0,0,0,0,0,0,0,0,0,0,0,0,0,0,0,0,0,0,0,0,0,0,3159.6,1208.6,272.1,3167.2,1214.1,89.8,2950.8,1068.7,-112.5,2905.6,1026.9,-122.8,2965.6,1089.5,-155.4,0,0,0,0,0,0,0,0,0,0,0,0,3243.6,1166.7,286.7,3187.2,1164.4,95.1,3133.9,1124.9,-82.2,3067.9,1101.0,-108.1,3199.3,1190.0,-90.8,-418.3,-160.4,-86.3,
0,0,0,0,0,0,0,0,0,0,0,0,0,0,0,0,0,0,0,0,0,0,0,0,0,0,0,3164.7,1213.0,273.3,3174.8,1220.2,92.3,2963.7,1078.6,-111.2,2915.9,1034.8,-122.4,2976.7,1097.9,-153.3,0,0,0,0,0,0,0,0,0,0,0,0,3248.4,1170.8,287.9,3188.5,1165.2,94.8,3133.6,1124.7,-82.3,3067.9,1101.0,-108.1,3199.3,1190.0,-90.8,-418.8,-160.8,-86.6,
0,0,0,0,0,0,0,0,0,0,0,0,0,0,0,0,0,0,0,0,0,0,0,0,0,0,0,3169.9,1217.4,274.5,3182.4,1226.4,95.0,2978.1,1089.5,-109.1,2927.0,1043.1,-122.0,2987.8,1106.1,-151.1,0,0,0,0,0,0,0,0,0,0,0,0,3252.5,1174.5,289.5,3189.9,1166.2,94.3,3133.2,1124.3,-82.4,3067.9,1101.0,-108.1,3199.2,1190.1,-90.8,-419.0,-161.2,-86.8,
0,0,0,0,0,0,0,0,0,0,0,0,0,0,0,0,0,0,0,0,0,0,0,0,0,0,0,3175.6,1222.2,275.9,3190.2,1232.7,97.7,2993.6,1101.4,-106.1,2938.6,1051.9,-121.5,2998.9,1114.1,-148.8,0,0,0,0,0,0,0,0,0,0,0,0,3256.2,1177.8,291.2,3191.4,1167.2,93.9,3132.7,1123.9,-82.6,3067.8,1101.0,-108.1,3199.0,1190.3,-90.7,-419.3,-161.5,-87.1,
0,0,0,0,0,0,0,0,0,0,0,0,0,0,0,0,0,0,0,0,0,0,0,0,0,0,0,3181.8,1227.4,277.5,3198.4,1239.2,100.6,3009.7,1113.7,-102.2,2950.7,1061.0,-120.8,3010.0,1121.9,-146.6,0,0,0,0,0,0,0,0,0,0,0,0,3259.8,1181.2,292.8,3192.7,1168.3,93.5,3132.2,1123.5,-82.8,3067.8,1101.0,-108.1,3198.6,1190.6,-90.5,-419.5,-161.8,-87.3,
0,0,0,0,0,0,0,0,0,0,0,0,0,0,0,0,0,0,0,0,0,0,0,0,0,0,0,3188.7,1232.9,279.3,3206.7,1245.7,103.5,3026.0,1126.4,-97.7,2963.1,1070.7,-119.7,3020.7,1129.4,-144.5,0,0,0,0,0,0,0,0,0,0,0,0,3263.7,1184.7,294.3,3193.9,1169.2,93.4,3131.7,1123.1,-83.0,3067.8,1101.0,-108.0,3198.0,1191.2,-90.1,-419.9,-162.2,-87.4,
0,0,0,0,0,0,0,0,0,0,0,0,0,0,0,0,0,0,0,0,0,0,0,0,0,0,0,3195.8,1238.6,281.1,3214.9,1252.1,106.3,3042.1,1138.9,-92.6,2976.1,1080.9,-118.3,3030.8,1136.6,-142.5,0,0,0,0,0,0,0,0,0,0,0,0,3268.2,1188.6,295.8,3194.9,1170.0,93.4,3131.4,1122.8,-83.1,3067.8,1101.0,-108.0,3197.2,1192.0,-89.7,-420.3,-162.6,-87.6,
0,0,0,0,0,0,0,0,0,0,0,0,0,0,0,0,0,0,0,0,0,0,0,0,0,0,0,3202.7,1244.1,283.0,3222.5,1257.9,109.0,3057.3,1151.0,-87.3,2989.6,1091.8,-116.3,3040.5,1143.6,-140.5,0,0,0,0,0,0,0,0,0,0,0,0,3273.2,1192.9,297.3,3195.7,1170.5,93.7,3131.1,1122.6,-83.2,3067.8,1101.0,-108.0,3196.2,1193.0,-89.1,-420.9,-163.0,-87.7,
0,0,0,0,0,0,0,0,0,0,0,0,0,0,0,0,0,0,0,0,0,0,0,0,0,0,0,3208.7,1248.9,284.6,3229.2,1263.1,111.4,3070.9,1161.8,-82.4,3003.7,1103.3,-114.0,3050.0,1150.8,-138.5,0,0,0,0,0,0,0,0,0,0,0,0,3278.5,1197.4,298.7,3196.1,1170.8,94.0,3131.0,1122.4,-83.2,3067.8,1101.0,-108.0,3195.3,1193.9,-88.5,-421.3,-163.4,-87.8,
0,0,0,0,0,0,0,0,0,0,0,0,0,0,0,0,0,0,0,0,0,0,0,0,0,0,0,3213.5,1252.7,285.9,3234.9,1267.5,113.4,3082.0,1170.8,-78.3,3018.2,1115.1,-111.3,3060.1,1158.4,-136.3,0,0,0,0,0,0,0,0,0,0,0,0,3283.8,1201.9,300.0,3196.1,1170.7,94.3,3131.0,1122.4,-83.2,3067.8,1101.0,-108.0,3194.6,1194.6,-88.3,-421.7,-163.7,-87.9,
0,0,0,0,0,0,0,0,0,0,0,0,0,0,0,0,0,0,0,0,0,0,0,0,0,0,0,3216.8,1255.5,286.8,3239.7,1271.2,115.2,3090.7,1177.8,-75.2,3032.9,1127.1,-108.5,3071.3,1166.9,-133.9,0,0,0,0,0,0,0,0,0,0,0,0,3288.5,1205.9,301.1,3195.8,1170.4,94.5,3131.0,1122.4,-83.2,3067.8,1101.0,-108.0,3194.1,1195.0,-88.4,-422.0,-163.9,-88.0,
0,0,0,0,0,0,0,0,0,0,0,0,0,0,0,0,0,0,0,0,0,0,0,0,0,0,0,3219.0,1257.5,287.4,3244.0,1274.6,116.8,3097.5,1183.4,-72.9,3047.7,1138.9,-106.0,3084.5,1176.7,-131.2,0,0,0,0,0,0,0,0,0,0,0,0,3292.3,1209.1,301.9,3195.6,1170.1,94.6,3131.0,1122.4,-83.2,3067.8,1101.0,-108.0,3194.0,1195.0,-88.9,-422.0,-164.0,-88.0,
0,0,0,0,0,0,0,0,0,0,0,0,0,0,0,0,0,0,0,0,0,0,0,0,0,0,0,3220.3,1258.8,287.8,3248.2,1277.9,118.4,3103.5,1188.0,-71.4,3061.8,1150.1,-104.0,3100.0,1188.2,-128.2,0,0,0,0,0,0,0,0,0,0,0,0,3295.1,1211.6,302.4,3195.5,1170.0,94.9,3131.1,1122.4,-83.2,3067.8,1101.0,-108.0,3194.3,1194.6,-89.6,-421.9,-164.0,-88.0,
0,0,0,0,0,0,0,0,0,0,0,0,0,0,0,0,0,0,0,0,0,0,0,0,0,0,0,3221.2,1259.9,287.9,3252.7,1281.5,120.0,3109.5,1192.4,-70.5,3074.3,1160.0,-103.0,3117.8,1201.4,-125.0,0,0,0,0,0,0,0,0,0,0,0,0,3297.2,1213.3,302.6,3195.9,1170.3,95.2,3131.1,1122.4,-83.1,3067.8,1101.0,-108.0,3194.7,1194.1,-90.5,-421.6,-163.9,-88.0,
0,0,0,0,0,0,0,0,0,0,0,0,0,0,0,0,0,0,0,0,0,0,0,0,0,0,0,3222.0,1260.9,288.0,3257.8,1285.5,121.8,3116.3,1197.1,-70.0,3085.0,1168.8,-103.0,3137.5,1216.1,-121.2,0,0,0,0,0,0,0,0,0,0,0,0,3298.7,1214.7,302.8,3196.8,1171.0,95.7,3131.1,1122.5,-83.2,3067.8,1101.0,-108.1,3195.4,1193.4,-91.4,-421.2,-163.7,-88.0,
0,0,0,0,0,0,0,0,0,0,0,0,0,0,0,0,0,0,0,0,0,0,0,0,0,0,0,3223.4,1262.2,288.1,3263.6,1290.0,123.8,3124.3,1202.5,-69.7,3094.1,1176.6,-104.0,3158.1,1231.6,-117.1,0,0,0,0,0,0,0,0,0,0,0,0,3299.9,1215.8,303.0,3198.5,1172.2,96.4,3131.0,1122.6,-83.2,3067.8,1101.0,-108.1,3196.1,1192.6,-92.4,-420.9,-163.5,-88.1,
0,0,0,0,0,0,0,0,0,0,0,0,0,0,0,0,0,0,0,0,0,0,0,0,0,0,0,3225.7,1264.1,288.3,3269.7,1294.8,126.0,3133.8,1209.0,-69.5,3102.6,1184.1,-105.4,3178.4,1247.1,-112.7,0,0,0,0,0,0,0,0,0,0,0,0,3301.1,1216.8,303.2,3200.8,1173.9,97.1,3130.7,1122.8,-83.3,3067.8,1101.0,-108.1,3196.8,1191.8,-93.3,-420.6,-163.4,-88.2,
0,0,0,0,0,0,0,0,0,0,0,0,0,0,0,0,0,0,0,0,0,0,0,0,0,0,0,3229.3,1266.8,288.6,3276.0,1299.8,128.2,3144.9,1217.1,-69.0,3111.6,1191.8,-106.8,3197.7,1262.1,-108.5,0,0,0,0,0,0,0,0,0,0,0,0,3302.5,1217.9,303.6,3203.6,1175.9,97.7,3130.4,1123.0,-83.5,3067.8,1101.1,-108.1,3197.4,1191.2,-93.9,-420.5,-163.2,-88.3,
0,0,0,0,0,0,0,0,0,0,0,0,0,0,0,0,0,0,0,0,0,0,0,0,0,0,0,3234.2,1270.5,289.0,3282.2,1304.7,130.4,3157.4,1226.7,-68.1,3121.8,1200.4,-107.6,3215.5,1276.0,-104.6,0,0,0,0,0,0,0,0,0,0,0,0,3304.1,1219.3,304.1,3206.8,1178.2,98.1,3130.0,1123.4,-83.8,3067.8,1101.1,-108.1,3197.9,1190.7,-94.2,-420.5,-163.2,-88.4,
0,0,0,0,0,0,0,0,0,0,0,0,0,0,0,0,0,0,0,0,0,0,0,0,0,0,0,3240.5,1275.2,289.8,3288.1,1309.3,132.4,3171.0,1237.8,-66.8,3133.8,1210.4,-107.3,3231.6,1288.6,-101.2,0,0,0,0,0,0,0,0,0,0,0,0,3306.0,1220.8,304.6,3210.3,1180.6,98.3,3129.5,1123.7,-84.2,3067.8,1101.1,-108.1,3198.1,1190.4,-94.4,-420.6,-163.2,-88.5,
0,0,0,0,0,0,0,0,0,0,0,0,0,0,0,0,0,0,0,0,0,0,0,0,0,0,0,3247.8,1280.7,290.9,3293.3,1313.4,134.1,3185.1,1249.7,-64.9,3147.7,1221.7,-105.7,3246.4,1300.1,-98.2,0,0,0,0,0,0,0,0,0,0,0,0,3307.8,1222.4,305.1,3214.0,1183.1,98.3,3129.2,1124.0,-84.5,3067.8,1101.1,-108.1,3198.2,1190.3,-94.5,-420.7,-163.2,-88.6,
0,0,0,0,0,0,0,0,0,0,0,0,0,0,0,0,0,0,0,0,0,0,0,0,0,0,0,3255.5,1286.6,292.3,3297.7,1316.9,135.5,3199.4,1261.9,-62.7,3162.9,1234.1,-103.0,3260.4,1310.8,-95.1,0,0,0,0,0,0,0,0,0,0,0,0,3309.5,1223.8,305.6,3218.0,1185.9,98.4,3129.0,1124.1,-84.8,3067.8,1101.0,-108.0,3198.2,1190.4,-94.7,-420.9,-163.3,-88.7,
0,0,0,0,0,0,0,0,0,0,0,0,0,0,0,0,0,0,0,0,0,0,0,0,0,0,0,3263.0,1292.5,294.0,3301.0,1319.6,136.5,3213.9,1274.0,-60.1,3178.3,1246.5,-99.4,3274.4,1321.3,-91.5,0,0,0,0,0,0,0,0,0,0,0,0,3311.3,1225.3,306.0,3222.3,1189.1,98.6,3129.0,1124.1,-85.0,3068.0,1100.9,-107.8,3198.1,1190.4,-94.8,-421.0,-163.3,-88.7,
0,0,0,0,0,0,0,0,0,0,0,0,0,0,0,0,0,0,0,0,0,0,0,0,0,0,0,3269.5,1297.7,295.6,3303.5,1321.6,137.1,3228.6,1286.0,-57.3,3192.5,1257.9,-95.6,3288.8,1332.0,-86.9,0,0,0,0,0,0,0,0,0,0,0,0,3313.2,1227.0,306.4,3226.7,1192.4,99.0,3129.1,1123.9,-85.1,3068.2,1100.8,-107.5,3198.0,1190.5,-95.0,-421.0,-163.4,-88.7,
0,0,0,0,0,0,0,0,0,0,0,0,0,0,0,0,0,0,0,0,0,0,0,0,0,0,0,3274.6,1301.9,296.9,3305.5,1323.2,137.6,3243.1,1297.5,-54.2,3204.8,1267.4,-91.9,3303.8,1343.2,-81.1,0,0,0,0,0,0,0,0,0,0,0,0,3315.5,1228.9,306.9,3230.6,1195.4,99.5,3129.3,1123.7,-85.1,3068.5,1100.5,-107.0,3197.9,1190.5,-95.1,-420.9,-163.3,-88.7,
0,0,0,0,0,0,0,0,0,0,0,0,0,0,0,0,0,0,0,0,0,0,0,0,0,0,0,3278.1,1304.9,297.9,3307.3,1324.6,137.9,3257.2,1308.4,-50.9,3215.1,1275.2,-88.6,3318.9,1354.6,-74.3,0,0,0,0,0,0,0,0,0,0,0,0,3318.5,1231.5,307.6,3233.7,1197.9,100.0,3129.5,1123.6,-85.1,3069.0,1100.2,-106.5,3197.9,1190.6,-95.2,-420.7,-163.3,-88.5,
0,0,0,0,0,0,0,0,0,0,0,0,0,0,0,0,0,0,0,0,0,0,0,0,0,0,0,3280.3,1307.0,298.4,3309.1,1326.0,138.2,3270.2,1318.3,-47.6,3224.2,1281.8,-85.5,3333.9,1366.1,-67.0,0,0,0,0,0,0,0,0,0,0,0,0,3322.4,1234.8,308.4,3235.8,1199.6,100.4,3129.7,1123.4,-85.0,3069.4,1099.9,-106.0,3197.8,1190.6,-95.2,-420.5,-163.2,-88.4,
0,0,0,0,0,0,0,0,0,0,0,0,0,0,0,0,0,0,0,0,0,0,0,0,0,0,0,3281.7,1308.6,298.8,3311.0,1327.5,138.6,3281.8,1327.0,-44.6,3232.8,1287.9,-82.3,3348.4,1377.4,-59.6,0,0,0,0,0,0,0,0,0,0,0,0,3326.8,1238.6,309.5,3237.2,1200.8,100.6,3129.8,1123.3,-85.0,3069.7,1099.7,-105.7,3197.8,1190.6,-95.3,-420.3,-163.3,-88.3,
0,0,0,0,0,0,0,0,0,0,0,0,0,0,0,0,0,0,0,0,0,0,0,0,0,0,0,3282.9,1310.1,299.1,3313.2,1329.3,139.1,3292.0,1334.7,-41.7,3241.8,1294.6,-78.5,3362.1,1388.1,-52.6,0,0,0,0,0,0,0,0,0,0,0,0,3331.4,1242.5,310.5,3238.0,1201.6,100.7,3129.8,1123.3,-85.0,3069.7,1099.7,-105.7,3197.8,1190.6,-95.2,-420.2,-163.3,-88.2,
0,0,0,0,0,0,0,0,0,0,0,0,0,0,0,0,0,0,0,0,0,0,0,0,0,0,0,3284.1,1311.5,299.5,3315.8,1331.3,139.8,3301.2,1341.5,-38.9,3251.8,1302.3,-73.9,3374.9,1398.1,-46.0,0,0,0,0,0,0,0,0,0,0,0,0,3335.7,1246.1,311.5,3238.5,1202.1,100.8,3129.9,1123.3,-84.9,3069.5,1099.8,-105.9,3197.9,1190.6,-95.2,-420.1,-163.4,-88.0,
0,0,0,0,0,0,0,0,0,0,0,0,0,0,0,0,0,0,0,0,0,0,0,0,0,0,0,3285.5,1313.1,300.1,3318.9,1333.8,140.7,3309.9,1348.0,-35.9,3263.1,1311.3,-68.4,3386.7,1407.3,-39.8,0,0,0,0,0,0,0,0,0,0,0,0,3339.5,1249.4,312.3,3238.9,1202.5,101.0,3129.9,1123.3,-84.9,3069.1,1100.2,-106.4,3197.9,1190.6,-95.0,-420.1,-163.4,-87.9,
0,0,0,0,0,0,0,0,0,0,0,0,0,0,0,0,0,0,0,0,0,0,0,0,0,0,0,3287.2,1314.8,300.7,3322.7,1336.8,141.8,3318.5,1354.4,-32.6,3275.6,1321.6,-62.3,3397.8,1415.7,-34.0,0,0,0,0,0,0,0,0,0,0,0,0,3343.1,1252.5,313.0,3239.5,1203.0,101.2,3129.9,1123.3,-84.9,3068.6,1100.5,-106.9,3197.9,1190.6,-94.9,-420.0,-163.5,-87.8,
0,0,0,0,0,0,0,0,0,0,0,0,0,0,0,0,0,0,0,0,0,0,0,0,0,0,0,3289.4,1316.7,301.4,3327.2,1340.4,143.1,3327.3,1360.9,-29.0,3289.0,1332.7,-55.9,3408.0,1423.5,-28.6,0,0,0,0,0,0,0,0,0,0,0,0,3346.5,1255.5,313.7,3240.2,1203.7,101.5,3129.9,1123.3,-84.9,3068.2,1100.8,-107.3,3197.9,1190.6,-94.6,-420.0,-163.5,-87.6,
0,0,0,0,0,0,0,0,0,0,0,0,0,0,0,0,0,0,0,0,0,0,0,0,0,0,0,3292.1,1318.9,302.2,3332.4,1344.4,144.6,3336.5,1367.7,-25.1,3302.7,1344.0,-49.8,3417.7,1430.6,-23.6,0,0,0,0,0,0,0,0,0,0,0,0,3350.0,1258.5,314.4,3240.9,1204.5,101.7,3129.9,1123.3,-84.9,3068.0,1101.0,-107.5,3197.9,1190.7,-94.4,-420.1,-163.6,-87.5,
0,0,0,0,0,0,0,0,0,0,0,0,0,0,0,0,0,0,0,0,0,0,0,0,0,0,0,3295.2,1321.4,303.1,3338.1,1348.9,146.1,3346.0,1374.9,-21.0,3315.9,1354.8,-44.1,3426.7,1437.2,-18.8,0,0,0,0,0,0,0,0,0,0,0,0,3353.6,1261.7,315.1,3241.5,1205.2,101.6,3129.9,1123.3,-84.9,3067.8,1101.1,-107.6,3197.9,1190.7,-94.1,-420.2,-163.8,-87.3,
0,0,0,0,0,0,0,0,0,0,0,0,0,0,0,0,0,0,0,0,0,0,0,0,0,0,0,3298.6,1324.1,303.9,3344.1,1353.6,147.8,3355.7,1382.3,-16.8,3328.0,1364.7,-39.1,3435.3,1443.3,-14.4,0,0,0,0,0,0,0,0,0,0,0,0,3357.2,1264.8,315.7,3241.8,1205.8,101.2,3129.9,1123.3,-84.9,3067.8,1101.2,-107.5,3197.9,1190.7,-94.0,-420.4,-164.0,-87.2,
0,0,0,0,0,0,0,0,0,0,0,0,0,0,0,0,0,0,0,0,0,0,0,0,0,0,0,3302.2,1326.9,304.7,3350.3,1358.4,149.5,3365.4,1389.7,-12.6,3338.7,1373.4,-34.7,3443.7,1449.3,-10.1,0,0,0,0,0,0,0,0,0,0,0,0,3360.6,1267.7,316.3,3241.8,1206.3,100.4,3129.8,1123.3,-84.9,3067.8,1101.2,-107.3,3197.9,1190.8,-93.8,-420.6,-164.2,-87.0,
0,0,0,0,0,0,0,0,0,0,0,0,0,0,0,0,0,0,0,0,0,0,0,0,0,0,0,3306.1,1329.9,305.5,3356.4,1363.2,151.2,3374.9,1397.0,-8.5,3348.3,1381.1,-30.9,3452.2,1455.3,-5.8,0,0,0,0,0,0,0,0,0,0,0,0,3363.6,1270.3,316.7,3241.5,1206.5,99.0,3129.8,1123.3,-84.9,3067.8,1101.2,-107.1,3197.9,1190.8,-93.8,-420.8,-164.4,-86.8,
0,0,0,0,0,0,0,0,0,0,0,0,0,0,0,0,0,0,0,0,0,0,0,0,0,0,0,3310.3,1333.3,306.1,3362.1,1367.7,152.8,3383.7,1403.9,-4.7,3357.0,1388.1,-27.5,3460.8,1461.4,-1.4,0,0,0,0,0,0,0,0,0,0,0,0,3366.3,1272.5,316.9,3241.1,1206.5,97.3,3129.8,1123.3,-85.0,3067.8,1101.3,-106.9,3197.9,1190.8,-93.7,-421.0,-164.6,-86.6,
0,0,0,0,0,0,0,0,0,0,0,0,0,0,0,0,0,0,0,0,0,0,0,0,0,0,0,3314.7,1336.8,306.7,3367.4,1371.8,154.2,3391.7,1410.2,-1.4,3364.9,1394.4,-24.4,3469.1,1467.4,2.8,0,0,0,0,0,0,0,0,0,0,0,0,3368.4,1274.4,316.6,3240.5,1206.4,95.3,3129.7,1123.2,-85.0,3067.8,1101.3,-106.7,3197.9,1190.8,-93.7,-421.3,-164.9,-86.4,
0,0,0,0,0,0,0,0,0,0,0,0,0,0,0,0,0,0,0,0,0,0,0,0,0,0,0,3319.5,1340.5,307.4,3372.2,1375.4,155.4,3398.6,1415.6,1.5,3371.5,1399.7,-21.9,3476.8,1472.9,6.6,0,0,0,0,0,0,0,0,0,0,0,0,3370.1,1276.0,315.9,3239.9,1206.1,93.5,3129.6,1123.1,-85.1,3067.8,1101.3,-106.6,3197.9,1190.7,-93.7,-421.6,-165.1,-86.1,
0,0,0,0,0,0,0,0,0,0,0,0,0,0,0,0,0,0,0,0,0,0,0,0,0,0,0,3324.3,1344.2,308.0,3376.6,1378.7,156.3,3404.3,1420.2,3.9,3376.5,1403.8,-20.0,3483.4,1477.8,9.7,0,0,0,0,0,0,0,0,0,0,0,0,3371.6,1277.5,315.0,3239.5,1205.8,92.0,3129.5,1123.1,-85.1,3067.8,1101.3,-106.5,3197.9,1190.7,-93.7,-422.0,-165.5,-85.9,
0,0,0,0,0,0,0,0,0,0,0,0,0,0,0,0,0,0,0,0,0,0,0,0,0,0,0,3329.2,1347.9,308.7,3380.7,1381.7,157.0,3409.0,1423.9,5.7,3380.1,1406.5,-19.1,3488.8,1481.8,11.8,0,0,0,0,0,0,0,0,0,0,0,0,3373.4,1279.5,313.9,3239.4,1205.7,91.0,3129.4,1123.0,-85.2,3067.8,1101.3,-106.5,3197.9,1190.7,-93.7,-422.5,-165.9,-85.7,
0,0,0,0,0,0,0,0,0,0,0,0,0,0,0,0,0,0,0,0,0,0,0,0,0,0,0,3334.0,1351.6,309.4,3384.5,1384.3,157.5,3412.5,1426.9,7.0,3382.4,1408.1,-18.9,3492.9,1484.9,12.9,0,0,0,0,0,0,0,0,0,0,0,0,3376.0,1282.2,313.1,3239.8,1206.0,90.5,3129.4,1123.0,-85.2,3067.8,1101.3,-106.5,3197.9,1190.8,-93.7,-423.2,-166.5,-85.6,
0,0,0,0,0,0,0,0,0,0,0,0,0,0,0,0,0,0,0,0,0,0,0,0,0,0,0,3338.6,1355.5,310.1,3387.7,1386.4,157.7,3415.2,1429.1,7.8,3383.8,1408.9,-19.4,3495.8,1487.0,12.9,0,0,0,0,0,0,0,0,0,0,0,0,3379.7,1285.8,312.8,3241.1,1207.0,90.6,3129.6,1123.1,-85.0,3067.8,1101.3,-106.5,3197.8,1190.8,-93.8,-424.1,-167.3,-85.6,
0,0,0,0,0,0,0,0,0,0,0,0,0,0,0,0,0,0,0,0,0,0,0,0,0,0,0,3343.0,1359.6,310.7,3390.0,1387.8,157.6,3416.9,1430.7,8.0,3384.8,1409.1,-20.6,3497.8,1488.6,12.0,0,0,0,0,0,0,0,0,0,0,0,0,3384.5,1290.3,313.0,3243.4,1208.9,91.3,3130.1,1123.5,-84.8,3067.8,1101.3,-106.6,3197.7,1190.9,-93.9,-425.1,-168.3,-85.7,
0,0,0,0,0,0,0,0,0,0,0,0,0,0,0,0,0,0,0,0,0,0,0,0,0,0,0,3347.2,1363.8,311.1,3391.4,1388.4,157.1,3417.9,1431.6,7.6,3385.4,1408.8,-22.2,3499.4,1489.8,10.3,0,0,0,0,0,0,0,0,0,0,0,0,3390.0,1295.3,313.7,3247.0,1211.9,92.5,3131.0,1124.1,-84.2,3067.8,1101.3,-106.7,3197.6,1191.0,-94.0,-426.2,-169.3,-85.9,
0,0,0,0,0,0,0,0,0,0,0,0,0,0,0,0,0,0,0,0,0,0,0,0,0,0,0,3351.1,1368.0,311.5,3392.0,1388.4,156.5,3418.2,1432.0,6.5,3385.8,1408.3,-23.9,3500.8,1491.1,8.3,0,0,0,0,0,0,0,0,0,0,0,0,3395.5,1300.2,314.5,3251.9,1215.9,94.2,3132.4,1125.1,-83.4,3067.8,1101.3,-106.8,3197.4,1191.1,-94.3,-427.4,-170.4,-86.2,
0,0,0,0,0,0,0,0,0,0,0,0,0,0,0,0,0,0,0,0,0,0,0,0,0,0,0,3354.6,1372.0,311.8,3391.9,1387.9,155.8,3418.1,1432.1,4.9,3386.1,1407.7,-25.4,3502.1,1492.5,6.5,0,0,0,0,0,0,0,0,0,0,0,0,3400.6,1304.7,315.4,3257.5,1220.5,96.1,3134.2,1126.4,-82.4,3067.9,1101.2,-107.0,3197.2,1191.3,-94.5,-428.4,-171.4,-86.4,
0,0,0,0,0,0,0,0,0,0,0,0,0,0,0,0,0,0,0,0,0,0,0,0,0,0,0,3357.7,1375.5,312.2,3391.7,1387.3,155.2,3417.7,1432.0,3.1,3386.3,1407.1,-26.6,3503.4,1494.2,4.9,0,0,0,0,0,0,0,0,0,0,0,0,3405.2,1308.6,316.3,3262.9,1225.0,97.9,3136.3,1127.9,-81.2,3068.0,1101.0,-107.2,3197.0,1191.4,-94.8,-429.3,-172.3,-86.7,
0,0,0,0,0,0,0,0,0,0,0,0,0,0,0,0,0,0,0,0,0,0,0,0,0,0,0,3360.2,1378.5,312.6,3391.7,1386.9,154.8,3417.4,1431.7,1.3,3386.4,1406.7,-27.6,3504.5,1495.9,3.7,0,0,0,0,0,0,0,0,0,0,0,0,3409.3,1312.2,317.1,3267.6,1229.0,99.4,3138.3,1129.3,-80.1,3068.2,1100.8,-107.4,3196.8,1191.5,-95.1,-430.1,-173.1,-86.9,
0,0,0,0,0,0,0,0,0,0,0,0,0,0,0,0,0,0,0,0,0,0,0,0,0,0,0,3362.0,1380.8,312.9,3392.7,1387.3,154.8,3417.1,1431.4,-0.2,3386.4,1406.4,-28.3,3505.5,1497.4,2.6,0,0,0,0,0,0,0,0,0,0,0,0,3413.1,1315.5,318.0,3271.6,1232.4,100.6,3140.1,1130.6,-79.2,3068.4,1100.5,-107.5,3196.7,1191.5,-95.3,-430.8,-173.8,-87.2,
0,0,0,0,0,0,0,0,0,0,0,0,0,0,0,0,0,0,0,0,0,0,0,0,0,0,0,3363.1,1382.3,313.1,3395.3,1389.1,155.5,3416.8,1431.2,-1.3,3386.4,1406.2,-28.9,3506.0,1498.3,1.5,0,0,0,0,0,0,0,0,0,0,0,0,3417.0,1318.9,318.9,3275.6,1235.9,101.7,3141.4,1131.6,-78.5,3068.8,1100.2,-107.3,3196.7,1191.6,-95.4,-431.4,-174.4,-87.4,
0,0,0,0,0,0,0,0,0,0,0,0,0,0,0,0,0,0,0,0,0,0,0,0,0,0,0,3363.7,1383.1,313.2,3400.4,1393.1,156.9,3416.7,1431.1,-1.9,3386.4,1406.0,-29.5,3506.1,1498.6,0.0,0,0,0,0,0,0,0,0,0,0,0,0,3420.9,1322.5,319.8,3280.6,1240.3,102.8,3142.2,1132.2,-78.1,3069.3,1099.9,-106.8,3196.6,1191.6,-95.5,-432.2,-175.1,-87.6,
0,0,0,0,0,0,0,0,0,0,0,0,0,0,0,0,0,0,0,0,0,0,0,0,0,0,0,3363.9,1383.4,313.3,3408.7,1399.7,159.4,3416.7,1431.0,-2.1,3386.3,1405.9,-30.3,3505.8,1498.4,-1.6,0,0,0,0,0,0,0,0,0,0,0,0,3425.1,1326.4,320.8,3287.3,1246.2,104.3,3142.7,1132.6,-77.9,3069.9,1099.5,-105.9,3196.7,1191.6,-95.5,-433.0,-175.9,-87.8,
0,0,0,0,0,0,0,0,0,0,0,0,0,0,0,0,0,0,0,0,0,0,0,0,0,0,0,3363.8,1383.4,313.3,3420.1,1409.0,162.9,3416.7,1430.9,-2.2,3386.3,1405.8,-31.2,3505.1,1497.8,-3.4,0,0,0,0,0,0,0,0,0,0,0,0,3429.4,1330.6,321.9,3296.1,1254.1,106.2,3142.8,1132.8,-77.8,3070.6,1099.0,-104.5,3196.7,1191.6,-95.5,-434.0,-176.8,-88.1,
0,0,0,0,0,0,0,0,0,0,0,0,0,0,0,0,0,0,0,0,0,0,0,0,0,0,0,3363.5,1383.2,313.3,3433.5,1419.9,167.0,3416.7,1430.9,-2.1,3386.2,1405.7,-32.2,3504.3,1497.1,-5.1,0,0,0,0,0,0,0,0,0,0,0,0,3433.9,1335.0,323.0,3306.3,1263.2,108.4,3142.9,1132.8,-77.9,3071.5,1098.5,-102.8,3196.7,1191.5,-95.5,-435.0,-177.8,-88.4,
